<core:FragmentDefinition xmlns:core="sap.ui.core" xmlns="sap.m" xmlns:l="sap.ui.layout" xmlns:macros="sap.fe.macros">
<!--	<VBox core:require="{ handler: 'ext/fragment/CustomSection'}"> -->
        <VBox>
        <MessageStrip text="All Musicans in the band ." showIcon="true" class="sapUiSmallMarginBottom">
        </MessageStrip>
        <l:Grid hSpacing="1" containerQuery="true" defaultSpan="L12 M12 S12">      
            <l:content>
                <macros:Table metaPath="/band/@com.sap.vocabularies.UI.v1.LineItem" id="musicanTable"/>
            </l:content>
        </l:Grid>
	</VBox>
</core:FragmentDefinition>