{
  "ext/fragment/CustomSection-dbg.js": 1764151790600,
  "i18n/i18n_en.properties": 1763978178880,
  "ext/fragment/CustomSection.js": 1764151790600,
  "ext/controller/ObjectPageExtension.controller.js": 1764150524951,
  "ext/controller/ObjectPageExtension.controller copy.js": 1764151727680,
  "manifest.json": 1764150371931,
  "Component.js": 1763740053379,
  "ext/controller/ControllerExtension.d.ts": 1764067394804,
  "ext/fragment/CustomSection.ts": 1764074154366,
  "ext/fragment/CustomSection.js.map": 1764151790949,
  "ext/controller/ObjectPageExtension.controller copy-dbg.js": 1764151727680,
  "ext/controller/ObjectPageExtension.controller copy.js.map": 1764151791020,
  "ext/controller/ObjectPageExtension.controller copy-dbg.js.map": 1764151790681,
  "ext/controller/ObjectPageExtension-dbg.controller.js": 1764150524951,
  "ext/controller/ObjectPageExtension.controller.js.map": 1764151790945,
  "ext/controller/ObjectPageExtension-dbg.controller.js.map": 1764151790685,
  "i18n/i18n_de.properties": 1763978071064,
  "ext/fragment/CustomSection-dbg.js.map": 1764151790677,
  "Component-dbg.js": 1763740053379,
  "Component.js.map": 1764151790945,
  "Component-preload.js": 1764151791444,
  "Component-preload.js.map": 1764151791444,
  "ext/fragment/CustomSection.fragment.xml": 1764091006682
}